id,nombre
1,XALAPA
2,TLALNELHUAYOCAN
3,XICO
4,IXHUACÁN DE LOS REYES
5,AYAHUALULCO
6,PEROTE
7,BANDERILLA
8,RAFAEL LUCIO
9,ACAJETE
10,LAS VIGAS DE RAMÍREZ
11,VILLA ALDAMA
12,TLACOLULAN
13,TONAYÁN
14,COACOATZINTLA
15,JILOTEPEC
16,NAOLINCO
17,MIAHUATLÁN
18,ACATLÁN
19,TEPETLÁN
20,JUCHIQUE DE FERRER
21,ALTO LUCERO DE GUTIÉRREZ BARRIOS
22,ACTOPAN
23,COATEPEC
24,TEOCELO
25,COSAUTLÁN DE CARVAJAL
26,EMILIANO ZAPATA
27,APAZAPAN
28,PUENTE NACIONAL
29,URSULO GALVÁN
30,PASO DE OVEJAS
31,LA ANTIGUA
32,VERACRUZ
33,PÁNUCO
34,PUEBLO VIEJO
35,TAMPICO ALTO
36,TEMPOAL
37,OZULUAMA DE MASCAREÑAS
38,TANTOYUCA
39,PLATÓN SÁNCHEZ
40,CHICONAMEL
41,CHALMA
42,CHONTLA
43,CITLALTÉPETL
44,IXCATEPEC
45,NARANJOS AMATLÁN
46,EL HIGO
47,CHINAMPA DE GOROSTIZA
48,TANTIMA
49,TAMALÍN
50,CERRO AZUL
51,TEPETZINTLA
52,TANCOCO
53,TAMIAHUA
54,HUAYACOCOTLA
55,ILAMATLÁN
56,ZONTECOMATLÁN DE LÓPEZ Y FUENTES
57,TEXCATEPEC
58,ZACUALPAN
59,BENITO JUÁREZ
60,TLACHICHILCO
61,IXHUATLÁN DE MADERO
62,CHICONTEPEC
63,ÁLAMO TEMAPACHE
64,TUXPAN
65,TIHUATLÁN
66,CASTILLO DE TEAYO
67,CAZONES DE HERRERA
68,ZOZOCOLCO DE HIDALGO
69,CHUMATLÁN
70,COXQUIHUI
71,MECATLÁN
72,FILOMENO MATA
73,COAHUITLÁN
74,COYUTLA
75,COATZINTLA
76,ESPINAL
77,POZA RICA DE HIDALGO
78,PAPANTLA
79,GUTIÉRREZ ZAMORA
80,TECOLUTLA
81,MARTÍNEZ DE LA TORRE
82,SAN RAFAEL
83,TLAPACOYAN
84,JALACINGO
85,ATZALAN
86,ALTOTONGA
87,LAS MINAS
88,TATATILA
89,TENOCHTITLÁN
90,NAUTLA
91,MISANTLA
92,LANDERO Y COSS
93,CHICONQUIACO
94,YECUATLA
95,COLIPA
96,VEGA DE ALATORRE
97,JALCOMULCO
98,TLALTETELA
99,TENAMPA
100,TOTUTLA
101,SOCHIAPA
102,TLACOTEPEC DE MEJÍA
103,HUATUSCO
104,CALCAHUALCO
105,ALPATLÁHUAC
106,COSCOMATEPEC
107,LA PERLA
108,CHOCAMÁN
109,TOMATLÁN
110,IXHUATLÁN DEL CAFÉ
111,TEPATLAXCO
112,COMAPA
113,ZENTLA
114,CAMARÓN DE TEJEDA
115,SOLEDAD DE DOBLADO
116,MANLIO FABIO ALTAMIRANO
117,JAMAPA
118,MEDELLÍN DE BRAVO
119,BOCA DEL RÍO
120,ORIZABA
121,RAFAEL DELGADO
122,MARIANO ESCOBEDO
123,IXHUATLANCILLO
124,ATZACAN
125,IXTACZOQUITLÁN
126,FORTÍN
127,CÓRDOBA
128,MALTRATA
129,NOGALES
130,RÍO BLANCO
131,CAMERINO Z. MENDOZA
132,AQUILA
133,ACULTZINGO
134,SOLEDAD ATZOMPA
135,HUILOAPAN DE CUAUHTÉMOC
136,TLAQUILPA
137,ASTACINGA
138,XOXOCOTLA
139,ATLAHUILCO
140,TEQUILA
141,SAN ANDRÉS TENEJAPAN
142,TLILAPAN
143,MAGDALENA
144,NARANJAL
145,COETZALA
146,OMEALCA
147,CUITLÁHUAC
148,CUICHAPA
149,YANGA
150,AMATLÁN DE LOS REYES
151,ATOYAC
152,PASO DEL MACHO
153,CARRILLO PUERTO
154,COTAXTLA
155,ZONGOLICA
156,TEHUIPANGO
157,MIXTLA DE ALTAMIRANO
158,LOS REYES
159,TEXHUACÁN
160,TEZONAPA
161,TIERRA BLANCA
162,TLALIXCOYAN
163,IGNACIO DE LA LLAVE
164,ALVARADO
165,LERDO DE TEJADA
166,TRES VALLES
167,CARLOS A. CARRILLO
168,COSAMALOAPAN DE CARPIO
169,IXMATLAHUACAN
170,ACULA
171,AMATITLÁN
172,TLACOTALPAN
173,SALTABARRANCA
174,OTATITLÁN
175,TLACOJALPAN
176,TUXTILLA
177,CHACALTIANGUIS
178,JOSÉ AZUETA
179,PLAYA VICENTE
180,SANTIAGO SOCHIAPAN
181,ISLA
182,JUAN RODRÍGUEZ CLARA
183,SAN ANDRÉS TUXTLA
184,SANTIAGO TUXTLA
185,ANGEL R. CABADA
186,HUEYAPAN DE OCAMPO
187,CATEMACO
188,SOTEAPAN
189,MECAYAPAN
190,TATAHUICAPAN DE JUÁREZ
191,PAJAPAN
192,CHINAMECA
193,ACAYUCAN
194,SAN JUAN EVANGELISTA
195,SAYULA DE ALEMÁN
196,OLUTA
197,SOCONUSCO
198,TEXISTEPEC
199,JÁLTIPAN
200,ZARAGOZA
201,OTEAPAN
202,COSOLEACAQUE
203,NANCHITAL DE LÁZARO CÁRDENAS DEL RÍO
204,IXHUATLÁN DEL SURESTE
205,MOLOACÁN
206,COATZACOALCOS
207,AGUA DULCE
208,MINATITLÁN
209,HIDALGOTITLÁN
210,JESÚS CARRANZA
211,LAS CHOAPAS
212,UXPANAPA
